#,名称,評価,シナリオ,キャラクター,演出,音楽,作画,年度,視聴回数,ジャンル,視聴話数,全話数,ステータス,備考
1,トムとジェリー,99.2,5,5,5,5,4.8,1940,3,コメディ,1~78,不明,途中,ハンナ・バーベラ第一期
2,ドラえもん,77.6,5,4.6,3,3.2,3.6,1973,1,科学,?,不明,,
3,遊戯王デュエルモンスターズ,92.8,4.6,5,4.6,4.6,4.4,2000,1,カードゲーム,1~154,224,途中,
4,エルフェンリート,72,3,3.6,4,4.4,3,2004,1,恋愛,1~14,14,視聴完,
5,ローゼンメイデン,56.4,3,3,2.2,2.4,3.5,2004,1,バトル,1~12,12,視聴完,
6,ブラック・ジャック,72.4,4.6,4.5,3,3,3,2004,1,,?,?,?,
7,魔法少女リリカルなのは,63.2,3.2,4,3,2.6,3,2004,1,バトル,1~13,13,視聴完,
8,魔法少女リリカルなのはA's,64,3,4,3,3,3,2005,1,バトル,1~2,13,途中,
9,AIR,88.4,4.6,4,4.5,5,4,2005,2,感動,1~12,12,視聴完,
10,闘牌伝説アカギ ～闇に舞い降りた天才,92,4.8,5,5,4.2,4,2005,4,麻雀,1~26,26,視聴完,鷲巣編まではシナリオ満点
11,ローゼンメイデン トロイメント,62,3,3.5,3,3,3,2005,1,バトル,1~12,12,視聴完,
12,灼眼のシャナ,63.6,3.5,3.2,3,3,3.2,2005,1,バトル,1~24,24,視聴完,面白かった覚えがないけど歌はよかった。
13,撲殺天使ドクロちゃん2,65.6,3,4.2,4,2,3.2,2005,1,,,,視聴完,ギャグアニメの評価項目がない…。
14,コードギアス 反逆のルルーシュ,98.8,5,5,5,5,4.7,2006,3,,1~25,25,視聴完,次の話を早く見たいってなるアニメ
15,Kanon(京都アニメーション版),95.6,4.8,4.5,5,5,4.6,2006,8,,1~24,24,視聴完,演出と音楽が全て
16,涼宮ハルヒの憂鬱,81.6,4,4.2,3.8,4,4.4,2006,1,,1~14,14,視聴完,
17,ひぐらしのなく頃に,81.2,4,4.6,4,4.2,3.5,2006,2,,1~26,26,視聴完,
18,時をかける少女,82,4.5,3,4.8,4.7,3.5,2006,2,,1,1,視聴完,
19,N・H・Kにようこそ！,74.8,3.6,4,4.2,3.4,3.5,2006,2,,1~24,24,視聴完,
20,人造昆虫カブトボーグ VxV,60.8,3.2,3,3,3,3,2006,1,,?,52,途中,
21,Fate/stay night (2006年版),85.6,4.8,4.2,4,4.6,3.8,2006,1,,1~24,24,視聴完,
22,半分の月がのぼる空,45.2,2.5,2,2,3,1.8,2006,1,,1~6,6,視聴完,6話で完結できてない
23,ストロベリー・パニック,67.2,3,3.8,3.4,3,3.6,2006,1,,1~26,26,視聴完,
24,CLANNAD （クラナド）,95.2,4.8,4.5,4.7,5,4.8,2007,2,,1~24,24,視聴完,
25,BACCANO! -バッカーノ!-,91.2,4,5,4.4,5,4.4,2007,2,,1~16,16,視聴完,
26,ef - a tale of memories.,86.4,4.4,4,4.8,4.4,4,2007,1,,1~12,12,視聴完,
27,ひぐらしのなく頃に解,76.4,3.6,4.6,3.5,3.4,4,2007,2,,1~24,24,視聴完,
28,劇場版 空の境界,85.6,4.4,4,4,4.4,4.6,2007,1,,1~3,6,視聴完,
29,みなみけ,82.4,4,4.6,4.5,3.5,4,2007,2,,1~13,13,視聴完,
30,瀬戸の花嫁,91.2,4.5,5,5,4,4.3,2007,2,,1~26,26,視聴完,
31,逆境無頼カイジ Ultimate Survivor,0,,,,,,2007,,,1~26,,,
32,らき☆すた,0,,,,,,2007,,,1~24,,,
33,ヱヴァンゲリヲン新劇場版:序,0,,,,,,2007,,,1,1,,
34,ハヤテのごとく！,0,,,,,,2007,,,1~38,52,,
35,撲殺天使ドクロちゃん2,0,,,,,,2007,,,1~12,12,,
36,灼眼のシャナII (Second),0,,,,,,2007,,,1~24,24,,
37,Myself Yourself（マイセルフ ユアセルフ）,0,,,,,,2007,,,1~13,,,
38,ながされて藍蘭島,0,,,,,,2007,,,1~26,,,
39,School Days,0,,,,,,2007,,,1~13,,,
40,CLANNAD ～AFTER STORY～ (クラナド アフターストーリー),0,,,,,,2008,,,1~24,,,
41,コードギアス 反逆のルルーシュ R2 ,0,,,,,,2008,,,1~25,,,
42,とらドラ！,0,,,,,,2008,,,1~25,,,
43,夏目友人帳,0,,,,,,2008,,,1~13,,,
44,ef - a tale of melodies.,0,,,,,,2008,,,1~12,,,
45,ひぐらしのなく頃に礼,0,,,,,,2008,,,1~5,5,,
46,瀬戸の花嫁 OVA 仁,0,,,,,,2008,,,1~2,,,
47,デトロイト・メタル・シティ,0,,,,,,2008,,,1~3,3,,
48,とある魔術の禁書目録,0,,,,,,2008,,,1~24,24,,
49,テイルズ オブ ジ アビス,0,,,,,,2008,,,1~26,,,
50,D.C.II S.S. ～ダ・カーポII セカンドシーズン～,0,,,,,,2008,,,1~13,,,
51,H2O ～FOOTPRINTS IN THE SAND～,0,,,,,,2008,,,1~12,12,,
52,Candy boy,0,,,,,,2008,,,1~10,10,,
53,恋姫†無双,0,,,,,,2008,,,1~12,,,
54,To LOVEる -とらぶる-,0,,,,,,2008,,,1~26,,,
55,CHAOSHEAD（カオスヘッド）,0,,,,,,2008,,,1~12,,,
56,あかね色に染まる坂,0,,,,,,2008,,,1~12,,,
57,ロザリオとバンパイア,0,,,,,,2008,,,1,13,,
58,ペンギン娘♥はぁと,0,,,,,,2008,,,,,,
59,ペンギン娘♥はぁと 第二部,0,,,,,,2008,,,,,,
60,化物語,0,,,,,,2009,,,1~15,,,
61,サマーウォーズ,0,,,,,,2009,,,1,,,
62,とある科学の超電磁砲,0,,,,,,2009,,,1~24,,,
63,瀬戸の花嫁 OVA 義,0,,,,,,2009,,,1~2,2,,
64,こばと。,0,,,,,,2009,,,1~6,24,,
65,咲-Saki-,0,,,,,,2009,,,1~25,25,,
66,みなみけ おかえり,0,,,,,,2009,,,1~13,13,,
67,にゃんこい！,0,,,,,,2009,,,1~12,12,,
68,そらのおとしもの,0,,,,,,2009,,,1~14,14,,
69,真・恋姫†無双,0,,,,,,2009,,,1~12,12,,
70,生徒会の一存,0,,,,,,2009,,,1~12,12,,
71,涼宮ハルヒの憂鬱 第2期,0,,,,,,2009,,,1~14,14,,
72,涼宮ハルヒちゃんの憂鬱,0,,,,,,2009,,,1~2,2,,
73,宇宙をかける少女,0,,,,,,2009,,,1~26,,,
74,黒神 The Animation,0,,,,,,2009,,,1~24,,,
75,うみねこのなく頃に,0,,,,,,2009,,,1~26,,,
76,プリンセスラバー！,0,,,,,,2009,,,1~12,,,
77,11eyes-イレブンアイズ-,0,,,,,,2009,,,1~12,,,
78,タユタマ -Kiss on my Deity-,0,,,,,,2009,,,,,,
79,涼宮ハルヒの消失,0,,,,,,2010,,,1,1,,
80,WORKING!!,0,,,,,,2010,,,1~13,,,
81,デュラララ!!,0,,,,,,2010,,,1~24,,,
82,俺の妹がこんなに可愛いわけがない,0,,,,,,2010,,,1~15,,,
83,けいおん！！,0,,,,,,2010,,,1~26,,,
84,荒川アンダー ザ ブリッジ,0,,,,,,2010,,,1~13,,,
85,侵略！イカ娘,0,,,,,,2010,,,1~12,,,
86,みつどもえ,0,,,,,,2010,,,1~13,,,
87,B型H系,0,,,,,,2010,,,1~12,,,
88,そらのおとしもの f,0,,,,,,2010,,,1~12,,,
89,劇場版 Fate/stay night,0,,,,,,2010,,,1,1,,
90,伝説の勇者の伝説,0,,,,,,2010,,,1~24,24,,
91,Angel Beats!,0,,,,,,2010,,,1~13,13,,
92,生徒会役員共,0,,,,,,2010,,,1~13,13,,
93,バカとテストと召喚獣,0,,,,,,2010,,,1~13,13,,
94,神のみぞ知るセカイ,0,,,,,,2010,,,1~12,12,,
95,とある魔術の禁書目録II,0,,,,,,2010,,,1~24,24,,
96,真・恋姫†無双 ～乙女大乱～,0,,,,,,2010,,,1~12,12,,
97,こえでおしごと! The ANIMATION,0,,,,,,2010,,,1~6,6,,
98,もっと To LOVEる -とらぶる-,0,,,,,,2010,,,1~12,12,,
99,学園黙示録 HIGHSCHOOL OF THE DEAD,0,,,,,,2010,,,1~12,12,,
100,ゆとりちゃん,0,,,,,,2010,,,1~12,12,,
101,ヨスガノソラ,0,,,,,,2010,,,1~12,12,,
102,オオカミさんと七人の仲間たち,0,,,,,,2010,,,1~12,12,,
103,いちばんうしろの大魔王,0,,,,,,2010,,,1~12,12,,
104,kiss×sis,0,,,,,,2010,,,,,,
105,あそびにいくヨ！,0,,,,,,2010,,,1~12,12,,
106,おおかみかくし,0,,,,,,2010,,,1~12,12,,
107,迷い猫オーバーラン!,0,,,,,,2010,,,1~13,13,,
108,おまもりひまり,0,,,,,,2010,,,1~12,12,,
109,祝福のカンパネラ,0,,,,,,2010,,,1~12,12,,
110,シュタインズ・ゲート,0,,,,,,2011,,,1~24,24,,
111,魔法少女まどか☆マギカ,0,,,,,,2011,,,1~12,12,,
112,Fate/Zero 第1期,0,,,,,,2011,,,1~13,13,,
113,WORKING'!! (第2期),0,,,,,,2011,,,1~13,13,,
114,日常,0,,,,,,2011,,,1~26,26,,
115,未来日記,0,,,,,,2011,,,1~26,26,,
116,GOSICK -ゴシック-,0,,,,,,2011,,,1~24,24,,
117,みつどもえ 増量中！,0,,,,,,2011,,,1~8,8,,
118,逆境無頼カイジ 破戒録篇,0,,,,,,2011,,,1~26,26,,
119,ゆるゆり,0,,,,,,2011,,,1~12,12,,
120,神のみぞ知るセカイ 第2期,0,,,,,,2011,,,1~12,12,,
121,僕は友達が少ない,0,,,,,,2011,,,1~12,12,,
122,お兄ちゃんのことなんかぜんぜん好きじゃないんだからねっ!!,0,,,,,,2011,,,1~12,12,,
123,C,0,,,,,,2011,,,1~12,12,,
124,ベン・トー,0,,,,,,2011,,,1~12,12,,
125,まりあ†ほりっく あらいぶ,0,,,,,,2011,,,1~12,12,,
126,電波女と青春男,0,,,,,,2011,,,1~12,12,,
127,境界線上のホライゾン,0,,,,,,2011,,,1~13,13,,
128,IS〈インフィニット・ストラトス〉,0,,,,,,2011,,,1~12,12,,
129,これはゾンビですか？,0,,,,,,2011,,,1~12,12,,
130,まよチキ！,0,,,,,,2011,,,1~12,12,,
131,ロウきゅーぶ！,0,,,,,,2011,,,1~12,12,,
132,ましろ色シンフォニー -The color of lovers-,0,,,,,,2011,,,1~12,12,,
133,+チック姉さん,0,,,,,,2011,,,1~12,12,,
134,緋弾のアリア,0,,,,,,2011,,,1~12,12,,
135,真剣で私に恋しなさい!!,0,,,,,,2011,,,1~12,12,,
136,夢喰いメリー,0,,,,,,2011,,,1~13,13,,
137,星空へ架かる橋,0,,,,,,2011,,,1~12,12,,
138,ドラゴンクライシス！,0,,,,,,2011,,,1~12,12,,
139,C3 -シーキューブ-,0,,,,,,2011,,,1~12,12,,
140,Fate/Zero 第2期,0,,,,,,2012,,,1~25,25,,
141,TARI TARI,0,,,,,,2012,,,1~13,13,,
142,PSYCHO-PASS サイコパス,0,,,,,,2012,,,1~22,22,,
143,Another,0,,,,,,2012,,,1~12,12,,
144,氷菓,0,,,,,,2012,,,1~22,22,,
145,男子高校生の日常,0,,,,,,2012,,,1~12,12,,
146,人類は衰退しました,0,,,,,,2012,,,1~12,12,,
147,偽物語,0,,,,,,2012,,,1~11,11,,
148,中二病でも恋がしたい！,0,,,,,,2012,,,1~12,12,,
149,ソードアート・オンライン,0,,,,,,2012,,,1~25,25,,
150,じょしらく,0,,,,,,2012,,,1~13,13,,
151,ココロコネクト,0,,,,,,2012,,,1~13,13,,
152,妖狐×僕SS,0,,,,,,2012,,,1~12,12,,
153,咲-Saki-阿知賀編 episode of side-A,0,,,,,,2012,,,1~12,12,,
154,貧乏神が！,0,,,,,,2012,,,1~13,13,,
155,ゆるゆり♪♪ (第2期),0,,,,,,2012,,,1~12,12,,
156,アクセル・ワールド,0,,,,,,2012,,,1~24,24,,
157,さくら荘のペットな彼女,0,,,,,,2012,,,1~24,24,,
158,ハイスクールD×D (第1期),0,,,,,,2012,,,1~12,12,,
159,これはゾンビですか？ オブ・ザ・デッド,0,,,,,,2012,,,1~10,10,,
160,リトルバスターズ！,0,,,,,,2012,,,1~26,26,,
161,織田信奈の野望,0,,,,,,2012,,,1~12,12,,
162,リコーダーとランドセル ド♪,0,,,,,,2012,,,1~13,13,,
163,這いよれ！ニャル子さん,0,,,,,,2012,,,1~12,12,,
164,BTOOOM！,0,,,,,,2012,,,1~12,12,,
165,お兄ちゃんだけど愛さえあれば関係ないよねっ,0,,,,,,2012,,,1~12,12,,
166,To LOVEる -とらぶる- ダークネス,0,,,,,,2012,,,1~12,12,,
167,パパのいうことを聞きなさい!,0,,,,,,2012,,,1~12,12,,
168,恋と選挙とチョコレート,0,,,,,,2012,,,1~12,12,,
169,カンピオーネ！～まつろわぬ神々と神殺しの魔王～,0,,,,,,2012,,,1~13,13,,
170,生徒会の一存 Lv.2,0,,,,,,2012,,,1~9,9,,
171,僕の妹は「大阪おかん」,0,,,,,,2012,,,1~12,12,,
172,はぐれ勇者の鬼畜美学,0,,,,,,2012,,,1~12,12,,
173,だから僕は、Ｈができない。,0,,,,,,2012,,,1~12,12,,
174,はたらく魔王さま！,0,,,,,,2013,,,1~13,13,,
175,やはり俺の青春ラブコメはまちがっている。,0,,,,,,2013,,,1~13,13,,
176,のんのんびより,0,,,,,,2013,,,1~12,12,,
177,とある科学の超電磁砲S,0,,,,,,2013,,,1~24,24,,
178,キルラキル,0,,,,,,2013,,,1~24,24,,
179,WHITE ALBUM2,0,,,,,,2013,,,1~12,12,,
180,劇場版 STEINSGATE 負荷領域のデジャヴ,0,,,,,,2013,,,1,1,,
181,ガンダムビルドファイターズ,0,,,,,,2013,,,1~25,25,,
182,未来日記リダイヤル,0,,,,,,2013,,,1,1,,
183,僕は友達が少ないNEXT,0,,,,,,2013,,,1~12,12,,
184,恋愛ラボ,0,,,,,,2013,,,1~13,13,,
185,リトルバスターズ！～Refrain～,0,,,,,,2013,,,1~13,13,,
186,きんいろモザイク,0,,,,,,2013,,,1~12,12,,
187,コードギアス 亡国のアキト 第2章 引き裂かれし翼竜,0,,,,,,2013,,,1,1,,
188,琴浦さん,0,,,,,,2013,,,1~12,12,,
189,私がモテないのはどう考えてもお前らが悪い！,0,,,,,,2013,,,1~12,12,,
190,蒼き鋼のアルペジオ -アルス・ノヴァ-,0,,,,,,2013,,,1~12,12,,
191,ゆゆ式,0,,,,,,2013,,,1~12,12,,
192,東京レイヴンズ,0,,,,,,2013,,,1~24,24,,
193,てーきゅう 第3期,0,,,,,,2013,,,1~12,12,,
194,ロウきゅーぶ！SS,0,,,,,,2013,,,1~12,12,,
195,サーバント×サービス,0,,,,,,2013,,,1~13,13,,
196,アウトブレイク・カンパニー,0,,,,,,2013,,,1~12,12,,
197,俺の彼女と幼なじみが修羅場すぎる,0,,,,,,2013,,,1~13,13,,
198,変態王子と笑わない猫。,0,,,,,,2013,,,1~12,12,,
199,境界の彼方,0,,,,,,2013,,,1~12,12,,
200,這いよれ！ニャル子さんW,0,,,,,,2013,,,1~12,12,,
201,Free!,0,,,,,,2013,,,1~12,12,,
202,GJ部,0,,,,,,2013,,,1~12,12,,
203,gdgd妖精s 第2期,0,,,,,,2013,,,1~12,12,,
204,あいうら,0,,,,,,2013,,,1~12,12,,
205,あいまいみー,0,,,,,,2013,,,1~13,13,,
206,ゴールデンタイム,0,,,,,,2013,,,1~24,24,,
207,ストライク・ザ・ブラッド,0,,,,,,2013,,,1~24,24,,
208,問題児たちが異世界から来るそうですよ?,0,,,,,,2013,,,1~10,10,,
209,ダンガンロンパ 希望の学園と絶望の高校生 The Animation,0,,,,,,2013,,,1~13,13,,
210,てさぐれ！部活もの,0,,,,,,2013,,,1~12,12,,
211,俺の脳内選択肢が、学園ラブコメを全力で邪魔している,0,,,,,,2013,,,1~10,10,,
212,帰宅部活動記録,0,,,,,,2013,,,1~12,12,,
213,ブラッドラッド,0,,,,,,2013,,,1~10,10,,
214,戦勇。,0,,,,,,2013,,,1~13,13,,
215,ミス・モノクローム,0,,,,,,2013,,,1~13,13,,
216,ワルキューレロマンツェ,0,,,,,,2013,,,1~12,12,,
217,ひぐらしのなく頃に拡 ～アウトブレイク～,0,,,,,,2013,,,1,1,,
218,IS〈インフィニット・ストラトス〉2,0,,,,,,2013,,,1~12,12,,
219,血液型くん！,0,,,,,,2013,,,1~12,12,,
220,断裁分離のクライムエッジ,0,,,,,,2013,,,1~13,13,,
221,犬とハサミは使いよう,0,,,,,,2013,,,1~12,12,,
222,超次元ゲイム ネプテューヌ,0,,,,,,2013,,,1~12,12,,
223,D.C.III ～ダ・カーポIII～,0,,,,,,2013,,,1~13,13,,
224,BLAZBLUE ALTER MEMORY,0,,,,,,2013,,,1~12,12,,
225,SHIROBAKO,0,,,,,,2014,,,1~24,24,,
226,月刊少女野崎くん,0,,,,,,2014,,,1~12,12,,
227,Fate/stay night [Unlimited Blade Works] 1stシーズン,0,,,,,,2014,,,1~13,13,,
228,ソードアート・オンラインⅡ,0,,,,,,2014,,,1~24,24,,
229,ノーゲーム・ノーライフ,0,,,,,,2014,,,1~12,12,,
230,Hi☆sCoool！セハガール,0,,,,,,2014,,,1~12,12,,
231,ニセコイ,0,,,,,,2014,,,1~20,20,,
232,未確認で進行形,0,,,,,,2014,,,1~12,12,,
233,咲-Saki-全国編,0,,,,,,2014,,,1~13,13,,
234,ウィッチクラフトワークス,0,,,,,,2014,,,1~12,12,,
235,のうりん,0,,,,,,2014,,,1~12,12,,
236,てさぐれ！部活もの あんこーる,0,,,,,,2014,,,1~12,12,,
237,グリザイアの果実,0,,,,,,2014,,,1~13,13,,
238,ディーふらぐ！,0,,,,,,2014,,,1~12,12,,
239,甘城ブリリアントパーク,0,,,,,,2014,,,1~13,13,,
240,極黒のブリュンヒルデ,0,,,,,,2014,,,1~13,13,,
241,ご注文はうさぎですか？,0,,,,,,2014,,,1~12,12,,
242,中二病でも恋がしたい！戀,0,,,,,,2014,,,1~12,12,,
243,さばげぶっ！,0,,,,,,2014,,,1~12,12,,
244,マンガ家さんとアシスタントさんと,0,,,,,,2014,,,1~12,12,,
245,デンキ街の本屋さん,0,,,,,,2014,,,1~12,12,,
246,魔法科高校の劣等生,0,,,,,,2014,,,1~26,26,,
247,ブラック・ブレット,0,,,,,,2014,,,1~13,13,,
248,世界征服～謀略のズヴィズダー～,0,,,,,,2014,,,1~12,12,,
249,人生相談テレビアニメーション「人生」,0,,,,,,2014,,,1~13,13,,
250,異能バトルは日常系のなかで,0,,,,,,2014,,,1~12,12,,
251,俺、ツインテールになります。,0,,,,,,2014,,,1~12,12,,
252,旦那が何を言っているかわからない件,0,,,,,,2014,,,1~13,13,,
253,六畳間の侵略者!?,0,,,,,,2014,,,1~12,12,,
254,最近、妹のようすがちょっとおかしいんだが。,0,,,,,,2014,,,1~12,12,,
255,龍ヶ嬢七々々の埋蔵金,0,,,,,,2014,,,1~11,11,,
256,トリニティセブン,0,,,,,,2014,,,1~12,12,,
257,彼女がフラグをおられたら,0,,,,,,2014,,,1~13,13,,
258,アイドルマスター シンデレラガールズ,0,,,,,,2015,,,1~13,13,,
259,アイドルマスター シンデレラガールズ2nd SEASON,0,,,,,,2015,,,1~13,13,,
260,Fate/stay night [Unlimited Blade Works] 2ndシーズン,0,,,,,,2015,,,1~25,25,,
261,監獄学園,0,,,,,,2015,,,1~13,13,,
262,やはり俺の青春ラブコメはまちがっている。続,0,,,,,,2015,,,1~13,13,,
263,WORKING!!! (第3期),0,,,,,,2015,,,1~13,13,,
264,干物妹！うまるちゃん,0,,,,,,2015,,,1~12,12,,
265,ハロー!!きんいろモザイク,0,,,,,,2015,,,1~12,12,,
266,ニセコイ: (第2期),0,,,,,,2015,,,1~12,12,,
267,ゆるゆり さん☆ハイ!,0,,,,,,2015,,,1~12,12,,
268,ご注文はうさぎですか？？ ２期,0,,,,,,2015,,,1~12,12,,
269,下ネタという概念が存在しない退屈な世界,0,,,,,,2015,,,1~12,12,,
270,アニメで分かる心療内科,0,,,,,,2015,,,1~20,20,,
271,食戟のソーマ,0,,,,,,2015,,,1~24,24,,
272,シャーロット,0,,,,,,2015,,,1~13,13,,
273,がっこうぐらし！,0,,,,,,2015,,,1~12,12,,
274,ダンジョンに出会いを求めるのは間違っているだろうか,0,,,,,,2015,,,1~13,13,,
275,六花の勇者,0,,,,,,2015,,,1~12,12,,
276,城下町のダンデライオン,0,,,,,,2015,,,1~12,12,,
277,落第騎士の英雄譚,0,,,,,,2015,,,1~12,12,,
278,それが声優！,0,,,,,,2015,,,1~13,13,,
279,冴えない彼女の育てかた,0,,,,,,2015,,,1~12,12,,
280,幸腹グラフィティ,0,,,,,,2015,,,1~12,12,,
281,ハッカドール THE あにめ～しょん,0,,,,,,2015,,,1~13,13,,
282,山田くんと7人の魔女,0,,,,,,2015,,,1~12,12,,
283,ニンジャスレイヤー フロムアニメイシヨン,0,,,,,,2015,,,1~26,26,,
284,赤髪の白雪姫,0,,,,,,2015,,,1~12,12,,
285,俺がお嬢様学校に「庶民サンプル」としてゲッツられた件,0,,,,,,2015,,,1~12,12,,
286,学戦都市アスタリスク,0,,,,,,2015,,,1~12,12,,
287,わかば*ガール,0,,,,,,2015,,,1~13,13,,
288,モンスター娘のいる日常,0,,,,,,2015,,,1~12,12,,
289,あにトレ！EX,0,,,,,,2015,,,1~12,12,,
290,艦隊これくしょん～艦これ～,0,,,,,,2015,,,1~12,12,,
291,緋弾のアリアAA,0,,,,,,2015,,,1~12,12,,
292,温泉幼精ハコネちゃん,0,,,,,,2015,,,1~12,12,,
293,アブソリュート・デュオ,0,,,,,,2015,,,1~12,12,,
294,無彩限のファントム・ワールド,0,,,,,,2016,,,1~12,12,,
295,僕だけがいない街,0,,,,,,2016,,,1~12,12,,
296,少女たちは荒野を目指す,0,,,,,,2016,,,1~12,12,,
297,だがしかし,0,,,,,,2016,,,1~12,12,,
298,Dimension W,0,,,,,,2016,,,1~12,12,,
299,最弱無敗の神装機竜(バハムート),0,,,,,,2016,,,1~12,12,,
300,蒼の彼方のフォーリズム,0,,,,,,2016,,,1~12,12,,
301,この素晴らしい世界に祝福を!,0,,,,,,2016,,,1~12,12,,
302,宇宙パトロールルル子,0,,,,,,2016,,,1~12,12,,
303,学戦都市アスタリスク 2nd Season,0,,,,,,2016,,,1~12,12,,
304,デュエル・マスターズ VSRF,0,,,,,,2016,,,1~12,12,,
305,パンでPeace！,0,,,,,,2016,,,1~12,12,,
306,くまみこ,0,,,,,,2016,,,1~12,12,,
307,Re:ゼロから始める異世界生活,0,,,,,,2016,,,1~12,12,,
308,あんハピ♪,0,,,,,,2016,,,1~12,12,,
309,ネトゲの嫁は女の子じゃないと思った？,0,,,,,,2016,,,1~12,12,,
310,ふらいんぐうぃっち -flying witch-,0,,,,,,2016,,,1~12,12,,
311,三者三葉,0,,,,,,2016,,,1~12,12,,
312,ワガママハイスペック,0,,,,,,2016,,,1~12,12,,
313,君の名は。,0,,,,,,2016,,,1,1,,
314,聲の形,0,,,,,,2016,,,1,1,,
315,NEW GAME！,,,,,,,2016,,,1,12,,
316,食戟のソーマ 弐の皿,,,,,,,2016,,,1~12,12,,
317,斉木楠雄のΨ難,,,,,,,2016,,,1~12,12,,
318,この美術部には問題がある！,,,,,,,2016,,,1~12,12,,
319,planetarian ～ちいさなほしのゆめ～,,,,,,,2016,,,1~12,12,,
320,planetarian ～星の人～,,,,,,,2016,,,1~12,12,,
321,クオリディア・コード,,,,,,,2016,,,1~12,12,,
322,Rewrite,,,,,,,2016,,,1~12,12,,
323,響け！ユーフォニアム2,,,,,,,2016,,,1~12,12,,
324,魔法少女育成計画,,,,,,,2016,,,1~12,12,,
325,信長の忍び,,,,,,,2016,,,1~12,12,,
326,灼熱の卓球娘,,,,,,,2016,,,1~12,12,,
327,ガーリッシュ ナンバー,,,,,,,2016,,,1~12,12,,
328,ステラのまほう,,,,,,,2017,,,1~12,12,,
329,この素晴らしい世界に祝福を！ 第2期,,,,,,,2017,,,1~12,12,,
330,小林さんちのメイドラゴン,,,,,,,2017,,,1~12,12,,
331,けものフレンズ,,,,,,,2017,,,1~12,12,,
332,ガヴリールドロップアウト,,,,,,,2017,,,1~12,12,,
333,亜人ちゃんは語りたい,,,,,,,2017,,,1~12,12,,
334,政宗くんのリベンジ,,,,,,,2017,,,1~12,12,,
335,Rewrite 2nd Season,,,,,,,2017,,,1~12,12,,
336,AKIBA'S TRIP,,,,,,,2017,,,1~12,12,,
337,CHAOS；CHILD（カオスチャイルド）,,,,,,,2017,,,1~12,12,,
338,エロマンガ先生,,,,,,,2017,,,1~12,12,,
339,サクラクエスト,,,,,,,2017,,,1~12,12,,
340,アリスと蔵六,,,,,,,2017,,,1~12,12,,
341,ロクでなし魔術講師と禁忌教典,,,,,,,2017,,,1~12,12,,
342,ゼロから始める魔法の書,,,,,,,2017,,,1~12,12,,
343,サクラダリセット,,,,,,,2017,,,1~12,12,,
344,信長の忍び ～伊勢・金ヶ崎篇～,,,,,,,2017,,,1~12,12,,
345,ひなこのーと,,,,,,,2017,,,1~12,12,,
346,プリンセス・プリンシパル,,,,,,,2017,,,1~12,12,,
347,ゲーマーズ！,,,,,,,2017,,,1~12,12,,
348,アホガール,,,,,,,2017,,,1~12,12,,
349,ようこそ実力至上主義の教室へ,,,,,,,2017,,,1~12,12,,
350,はじめてのギャル,,,,,,,2017,,,1~12,12,,
351,異世界はスマートフォンとともに。,,,,,,,2017,,,1~12,12,,
352,妹さえいればいい。,,,,,,,2017,,,1~12,12,,
353,キノの旅 -the Beautiful World- the Animated Series,,,,,,,2017,,,1~12,12,,
354,ブレンド・S,,,,,,,2017,,,1~12,12,,
355,干物妹！うまるちゃんR,,,,,,,2017,,,1~12,12,,
356,魔法使いの嫁,,,,,,,2017,,,1~12,12,,
357,食戟のソーマ 餐ノ皿,,,,,,,2017,,,1~12,12,,
358,アイドルマスター シンデレラガールズ劇場 2nd SEASON,,,,,,,2017,,,1~12,12,,
359,ゆるキャン△,,,,,,,2018,,,1~12,12,,
360,からかい上手の高木さん,,,,,,,2018,,,1~12,12,,
361,ダーリン・イン・ザ・フランキス,,,,,,,2018,,,1~12,12,,
362,りゅうおうのおしごと！,,,,,,,2018,,,1~12,12,,
363,スロウスタート,,,,,,,2018,,,1~12,12,,
364,三ツ星カラーズ,,,,,,,2018,,,1~12,12,,
365,citrus,,,,,,,2018,,,1~12,12,,
366,デスマーチからはじまる異世界狂想曲,,,,,,,2018,,,1~12,12,,
367,刀使ノ巫女,,,,,,,2018,,,1~12,12,,
368,たくのみ。,,,,,,,2018,,,1~12,12,,
369,ポプテピピック,,,,,,,2018,,,1~12,12,,
370,ヒナまつり,,,,,,,2018,,,1~12,12,,
371,STEINS；GATE 0 [シュタインズ・ゲート・ゼロ],,,,,,,2018,,,1~12,12,,
372,ウマ娘 プリティーダービー,,,,,,,2018,,,1~12,12,,
373,こみっくがーるず,,,,,,,2018,,,1~12,12,,
374,食戟のソーマ 餐ノ皿 遠月列車篇,,,,,,,2018,,,1~12,12,,
375,信長の忍び ～姉川・石山篇～,,,,,,,2018,,,1~12,12,,
376,MAJOR 2nd,,,,,,,2018,,,1~12,12,,
377,魔法少女サイト,,,,,,,2018,,,1~12,12,,
378,あそびあそばせ,,,,,,,2018,,,1~12,12,,
379,はたらく細胞,,,,,,,2018,,,1~12,12,,
380,異世界魔王と召喚少女の奴隷魔術,,,,,,,2018,,,1~12,12,,
381,少女☆歌劇 レヴュースタァライト,,,,,,,2018,,,1~12,12,,
382,ちおちゃんの通学路,,,,,,,2018,,,1~12,12,,
383,ハッピーシュガーライフ,,,,,,,2018,,,1~12,12,,
384,すのはら荘の管理人さん,,,,,,,2018,,,1~12,12,,
385,ゆらぎ荘の幽奈さん,,,,,,,2018,,,1~12,12,,
386,中間管理録トネガワ,,,,,,,2018,,,1~12,12,,
387,殺戮の天使,,,,,,,2018,,,1~12,12,,
388,百錬の覇王と聖約の戦乙女,,,,,,,2018,,,1~12,12,,
,青春ブタ野郎はバニーガール先輩の夢を見ない,,,,,,,2018,,,1~12,12,,
,ゾンビランドサガ,,,,,,,2018,,,1~12,12,,
,色づく世界の明日から,,,,,,,2018,,,1~12,12,,
,ソードアート･オンライン　アリシゼーション,,,,,,,2018,,,1~12,12,,
,ゴブリンスレイヤー,,,,,,,2018,,,1~12,12,,
,転生したらスライムだった件,,,,,,,2018,,,1~12,4,,
,SSSS.GRIDMAN,,,,,,,2018,,,1~12,12,,
,やがて君になる,,,,,,,2018,,,1~12,1,,
,うちのメイドがウザすぎる！,,,,,,,2018,,,1~12,1,,
,寄宿学校のジュリエット,,,,,,,2018,,,1~12,12,,
,となりの吸血鬼さん,,,,,,,2018,,,1~12,12,,
,とある魔術の禁書目録[インデックス] Ⅲ 第3期,,,,,,,2018,,,1~12,12,,
,Re：ゼロから始める異世界生活 Memory Snow,,,,,,,2018,,,1,1,,
,アニマエール！,,,,,,,2018,,,1~12,2,,
,ガイコツ書店員 本田さん,,,,,,,2018,,,1~12,6,,
,ユリシーズ ジャンヌ・ダルクと錬金の騎士,,,,,,,2018,,,1~12,12,,
,俺が好きなのは妹だけど妹じゃない,,,,,,,2018,,,1~10,10,,
,1日外出録ハンチョウ,,,,,,,2018,,,,,,
,かぐや様は告らせたい～天才たちの恋愛頭脳戦～,,,,,,,2019,,,,,,
,五等分の花嫁,,,,,,,2019,,,,,,
,私に天使が舞い降りた！,,,,,,,2019,,,,,,
,賭ケグルイ××,,,,,,,2019,,,,,,
,上野さんは不器用,,,,,,,2019,,,,,,
,えんどろ～！,,,,,,,2019,,,,,,
,バーチャルさんはみている,,,,,,,2019,,,,,,
,ぼくたちは勉強ができない,,,,,,,2019,,,,,,
,ひとりぼっちの○○生活,,,,,,,2019,,,,,,
,フルーツバスケット [トムス・エンタテインメント版],,,,,,,2019,,,,,,
,世話やきキツネの仙狐さん,,,,,,,2019,,,,,,
,なんでここに先生が！？,,,,,,,2019,,,,,,
,賢者の孫,,,,,,,2019,,,,,,
,この世の果てで恋を唄う少女YU-NO,,,,,,,2019,,,,,,
,からかい上手の高木さん②,,,,,,,2019,,,,,,
,ダンベル何キロ持てる？,,,,,,,2019,,,,,,
,まちカドまぞく,,,,,,,2019,,,,,,
,ソウナンですか？,,,,,,,2019,,,,,,
,とある科学の一方通行,,,,,,,2019,,,,,,
,手品先輩,,,,,,,2019,,,,,,
,ありふれた職業で世界最強,,,,,,,2019,,,,,,
,うちの娘の為ならば、俺はもしかしたら魔王も倒せるかもしれない。,,,,,,,2019,,,,,,
,ソードアート・オンライン アリシゼーション War of Underworld,,,,,,,2019,,,,,,
,ぼくたちは勉強ができない！ 第2期,,,,,,,2019,,,,,,
,食戟のソーマ 神ノ皿,,,,,,,2019,,,,,,
,俺を好きなのはお前だけかよ,,,,,,,2019,,,,,,
,放課後さいころ倶楽部,,,,,,,2019,,,,,,
,嫌な顔されながらおパンツ見せてもらいたい２,,,,,,,2019,,,,,,
,戦×恋,,,,,,,2019,,,,,,
,アズールレーン,,,,,,,2019,,,,,,
,理系が恋に落ちたので証明してみた。,,,,,,,2020,,,,,,
,異種族レビュアーズ,,,,,,,2020,,,,,,
